Name,Employee Id,Email,Date of Birth,Start Date,End Date,Language,Demo_1,Demo_2,Demo_3
Dr. Bettie Senger,1,dr..bettie.senger.1@fakedomain.com,"Sep 29, 1993","Jun 08, 2010",,en,Demo_1_0,Demo_2_15,Demo_3_9
Ciara Schroeder,2,ciara.schroeder.2@fakedomain.com,"Sep 03, 1977","Jan 15, 2001",,en,Demo_1_20,Demo_2_16,Demo_3_4
Robbie Shields DDS,3,robbie.shields.dds.3@fakedomain.com,"Apr 12, 1977","Apr 29, 2017",,en,Demo_1_34,Demo_2_9,Demo_3_4
Chelsea Oberbrunner,4,chelsea.oberbrunner.4@fakedomain.com,"Mar 02, 1997","Jun 01, 1999",,en,Demo_1_42,Demo_2_7,Demo_3_0
Nicholas Kessler,5,nicholas.kessler.5@fakedomain.com,"Oct 27, 1919","Mar 16, 1926",,en,Demo_1_45,Demo_2_8,Demo_3_5
Russell Connelly,6,russell.connelly.6@fakedomain.com,"Dec 20, 1999","May 26, 2011",,en,Demo_1_11,Demo_2_6,Demo_3_10
Dr. Orrin Emmerich,7,dr..orrin.emmerich.7@fakedomain.com,"Aug 30, 1971","Feb 09, 1999",,en,Demo_1_18,Demo_2_0,Demo_3_0
Kyle Jaskolski,8,kyle.jaskolski.8@fakedomain.com,"Jul 02, 1920","Feb 15, 1991",,en,Demo_1_6,Demo_2_9,Demo_3_5
Zack Bernhard IV,9,zack.bernhard.iv.9@fakedomain.com,"Apr 26, 1960","Nov 04, 2013",,en,Demo_1_19,Demo_2_9,Demo_3_9
Newton Bernhard,10,newton.bernhard.10@fakedomain.com,"May 08, 1932","Nov 28, 1960",,en,Demo_1_36,Demo_2_8,Demo_3_1
Franz Bergnaum,11,franz.bergnaum.11@fakedomain.com,"Jan 20, 1987","Mar 16, 2018",,en,Demo_1_25,Demo_2_11,Demo_3_1
Dr. Romaine Nolan,12,dr..romaine.nolan.12@fakedomain.com,"Feb 25, 1962","Mar 28, 1984",,en,Demo_1_10,Demo_2_13,Demo_3_2
Fern Barrows,13,fern.barrows.13@fakedomain.com,"Sep 15, 1998","Sep 12, 2000",,en,Demo_1_5,Demo_2_4,Demo_3_10
Granville Considine,14,granville.considine.14@fakedomain.com,"Nov 03, 1972","Jul 22, 1983",,en,Demo_1_29,Demo_2_3,Demo_3_3
Lavon Jast,15,lavon.jast.15@fakedomain.com,"Apr 07, 1967","Feb 24, 1977",,en,Demo_1_34,Demo_2_5,Demo_3_1
Phoebe Wilkinson,16,phoebe.wilkinson.16@fakedomain.com,"Mar 05, 1986","Nov 10, 1995",,en,Demo_1_40,Demo_2_14,Demo_3_0
Rowena Bailey,17,rowena.bailey.17@fakedomain.com,"Jan 12, 1931","Dec 18, 1990",,en,Demo_1_19,Demo_2_16,Demo_3_7
Prince Hauck,18,prince.hauck.18@fakedomain.com,"Aug 19, 1953","Aug 27, 2009",,en,Demo_1_24,Demo_2_14,Demo_3_2
Fanny Pollich DDS,19,fanny.pollich.dds.19@fakedomain.com,"Feb 27, 1993","Nov 29, 2003",,en,Demo_1_3,Demo_2_15,Demo_3_10
Deven Schmeler,20,deven.schmeler.20@fakedomain.com,"May 26, 1997","Sep 07, 2003",,en,Demo_1_33,Demo_2_20,Demo_3_2
Mollie Yundt,21,mollie.yundt.21@fakedomain.com,"Apr 19, 1958","Feb 15, 2010",,en,Demo_1_29,Demo_2_0,Demo_3_2
Cierra Boehm,22,cierra.boehm.22@fakedomain.com,"Jan 19, 1981","Sep 15, 2010",,en,Demo_1_43,Demo_2_4,Demo_3_0
Ashley Boehm,23,ashley.boehm.23@fakedomain.com,"May 15, 2003","Dec 04, 2011",,en,Demo_1_19,Demo_2_11,Demo_3_1
Mr. Jacky Prohaska,24,mr..jacky.prohaska.24@fakedomain.com,"Nov 17, 1981","Sep 08, 1989",,en,Demo_1_14,Demo_2_19,Demo_3_6
Sienna Runte,25,sienna.runte.25@fakedomain.com,"Sep 26, 1918","Mar 09, 2012",,en,Demo_1_11,Demo_2_19,Demo_3_1
Jenifer Willms,26,jenifer.willms.26@fakedomain.com,"Sep 07, 1997","Jan 03, 2005",,en,Demo_1_6,Demo_2_5,Demo_3_5
Reed Hartmann,27,reed.hartmann.27@fakedomain.com,"Mar 26, 1942","Oct 17, 1948",,en,Demo_1_38,Demo_2_18,Demo_3_8
Odessa Dibbert,28,odessa.dibbert.28@fakedomain.com,"Sep 02, 1979","Mar 06, 2014",,en,Demo_1_35,Demo_2_19,Demo_3_7
Makenna Johns,29,makenna.johns.29@fakedomain.com,"Feb 20, 1986","Jul 24, 1992",,en,Demo_1_45,Demo_2_6,Demo_3_1
Judy Kassulke,30,judy.kassulke.30@fakedomain.com,"Feb 26, 1929","Oct 02, 1989",,en,Demo_1_30,Demo_2_16,Demo_3_10
Amber Ferry,31,amber.ferry.31@fakedomain.com,"Dec 25, 1932","Jan 01, 1941",,en,Demo_1_27,Demo_2_17,Demo_3_0
Araceli Murphy,32,araceli.murphy.32@fakedomain.com,"Apr 17, 1952","Jan 31, 2014",,en,Demo_1_6,Demo_2_18,Demo_3_8
Malachi Fisher,33,malachi.fisher.33@fakedomain.com,"Jan 14, 1943","Jul 22, 1978",,en,Demo_1_38,Demo_2_16,Demo_3_10
Kolby Senger,34,kolby.senger.34@fakedomain.com,"Aug 22, 1934","Jun 15, 1942",,en,Demo_1_6,Demo_2_1,Demo_3_3
Elaina Johnston II,35,elaina.johnston.ii.35@fakedomain.com,"Jun 10, 1965","Aug 11, 2013",,en,Demo_1_10,Demo_2_10,Demo_3_0
Brendan McDermott,36,brendan.mcdermott.36@fakedomain.com,"Dec 10, 1979","Jan 25, 1983",,en,Demo_1_16,Demo_2_9,Demo_3_8
Zella Ward Sr.,37,zella.ward.sr..37@fakedomain.com,"Jul 04, 1955","Feb 23, 1969",,en,Demo_1_32,Demo_2_17,Demo_3_5
Donato O'Connell V,38,donato.o'connell.v.38@fakedomain.com,"Dec 19, 1999","Sep 19, 2014",,en,Demo_1_39,Demo_2_18,Demo_3_0
Shany Feeney,39,shany.feeney.39@fakedomain.com,"Apr 19, 1919","Aug 11, 1951",,en,Demo_1_24,Demo_2_0,Demo_3_9
Andreane Farrell,40,andreane.farrell.40@fakedomain.com,"May 12, 1924","Dec 13, 1961",,en,Demo_1_48,Demo_2_18,Demo_3_1
Nelson Berge,41,nelson.berge.41@fakedomain.com,"Mar 11, 1933","May 06, 1960",,en,Demo_1_42,Demo_2_14,Demo_3_5
Doyle Doyle,42,doyle.doyle.42@fakedomain.com,"Mar 23, 1993","Oct 03, 1993",,en,Demo_1_45,Demo_2_3,Demo_3_2
Neil Treutel DDS,43,neil.treutel.dds.43@fakedomain.com,"Mar 08, 1921","Nov 14, 2004",,en,Demo_1_22,Demo_2_9,Demo_3_6
Sylvester Ullrich,44,sylvester.ullrich.44@fakedomain.com,"Sep 20, 1970","Jul 22, 1993","Apr 13, 2019",en,Demo_1_21,Demo_2_3,Demo_3_2
Vergie Swift,45,vergie.swift.45@fakedomain.com,"Feb 25, 1935","Apr 25, 1935",,en,Demo_1_2,Demo_2_6,Demo_3_8
Allen Dooley,46,allen.dooley.46@fakedomain.com,"Oct 06, 1967","May 25, 1993",,en,Demo_1_33,Demo_2_0,Demo_3_4
Amy McLaughlin,47,amy.mclaughlin.47@fakedomain.com,"May 11, 1960","Dec 21, 1981",,en,Demo_1_42,Demo_2_2,Demo_3_1
Flossie Terry,48,flossie.terry.48@fakedomain.com,"Jul 04, 1965","Nov 09, 2014",,en,Demo_1_22,Demo_2_16,Demo_3_8
Clementine Vandervort MD,49,clementine.vandervort.md.49@fakedomain.com,"May 12, 1985","Dec 13, 2012",,en,Demo_1_6,Demo_2_18,Demo_3_9
Ursula Kilback,50,ursula.kilback.50@fakedomain.com,"Aug 17, 1989","Jun 20, 2018",,en,Demo_1_19,Demo_2_14,Demo_3_4
Billie Kuvalis,51,billie.kuvalis.51@fakedomain.com,"Apr 11, 1926","Dec 28, 1973",,en,Demo_1_35,Demo_2_4,Demo_3_4
Greg Donnelly V,52,greg.donnelly.v.52@fakedomain.com,"Jun 24, 1955","Jul 06, 1987",,en,Demo_1_35,Demo_2_0,Demo_3_10
Elyse Wunsch,53,elyse.wunsch.53@fakedomain.com,"Jul 20, 1943","Mar 11, 1984",,en,Demo_1_42,Demo_2_20,Demo_3_10
Murl Kohler,54,murl.kohler.54@fakedomain.com,"Dec 26, 1978","Apr 21, 1981",,en,Demo_1_26,Demo_2_18,Demo_3_2
Coy Stroman,55,coy.stroman.55@fakedomain.com,"Mar 15, 1997","Sep 06, 1998",,en,Demo_1_12,Demo_2_16,Demo_3_2
Eliseo Jast,56,eliseo.jast.56@fakedomain.com,"Sep 08, 1964","Jan 29, 1979",,en,Demo_1_29,Demo_2_19,Demo_3_8
Dawn Dietrich,57,dawn.dietrich.57@fakedomain.com,"May 27, 1972","Feb 01, 2005","Jan 16, 2019",en,Demo_1_23,Demo_2_14,Demo_3_6
Mrs. Gudrun Harris,58,mrs..gudrun.harris.58@fakedomain.com,"Jan 31, 1984","Feb 09, 2016",,en,Demo_1_18,Demo_2_11,Demo_3_10
Lucienne Jenkins Jr.,59,lucienne.jenkins.jr..59@fakedomain.com,"Oct 29, 1995","Sep 08, 2005",,en,Demo_1_37,Demo_2_7,Demo_3_9
Ignacio Swaniawski,60,ignacio.swaniawski.60@fakedomain.com,"Nov 17, 1928","Sep 24, 1986",,en,Demo_1_2,Demo_2_10,Demo_3_10
Howard Lemke,61,howard.lemke.61@fakedomain.com,"Sep 03, 1954","Feb 11, 1997",,en,Demo_1_42,Demo_2_17,Demo_3_7
Eliane Rohan,62,eliane.rohan.62@fakedomain.com,"May 20, 1938","Apr 05, 1961",,en,Demo_1_22,Demo_2_1,Demo_3_10
Ms. Carley Cartwright,63,ms..carley.cartwright.63@fakedomain.com,"Oct 01, 1932","Sep 07, 2001",,en,Demo_1_27,Demo_2_8,Demo_3_7
Jesse Senger,64,jesse.senger.64@fakedomain.com,"Dec 14, 1994","Dec 01, 2005",,en,Demo_1_34,Demo_2_10,Demo_3_9
Miss Jordane Kulas,65,miss.jordane.kulas.65@fakedomain.com,"Jan 08, 1926","Oct 10, 1930","Oct 07, 2018",en,Demo_1_48,Demo_2_5,Demo_3_7
Rylee Pfannerstill MD,66,rylee.pfannerstill.md.66@fakedomain.com,"Mar 12, 1923","May 26, 1995",,en,Demo_1_12,Demo_2_0,Demo_3_4
Dr. Juwan DuBuque,67,dr..juwan.dubuque.67@fakedomain.com,"Jun 09, 1937","Apr 24, 1948",,en,Demo_1_45,Demo_2_9,Demo_3_3
Edna Romaguera,68,edna.romaguera.68@fakedomain.com,"Oct 14, 1962","Jan 23, 1973",,en,Demo_1_33,Demo_2_10,Demo_3_5
Nicholas Brown,69,nicholas.brown.69@fakedomain.com,"Nov 11, 1971","Dec 18, 1995",,en,Demo_1_39,Demo_2_10,Demo_3_10
Clement Nader,70,clement.nader.70@fakedomain.com,"Oct 15, 1983","Feb 19, 2018",,en,Demo_1_47,Demo_2_17,Demo_3_9
Aiden Emmerich I,71,aiden.emmerich.i.71@fakedomain.com,"Mar 18, 2002","Dec 19, 2007",,en,Demo_1_3,Demo_2_2,Demo_3_5
Arjun Brekke II,72,arjun.brekke.ii.72@fakedomain.com,"May 06, 1971","Jan 03, 1980",,en,Demo_1_11,Demo_2_2,Demo_3_7
Dejah Stoltenberg,73,dejah.stoltenberg.73@fakedomain.com,"Nov 08, 1985","Jan 18, 1986",,en,Demo_1_25,Demo_2_17,Demo_3_6
Maximillia Satterfield II,74,maximillia.satterfield.ii.74@fakedomain.com,"Jul 22, 1984","Mar 30, 1987",,en,Demo_1_12,Demo_2_6,Demo_3_4
Mrs. Noe Pacocha,75,mrs..noe.pacocha.75@fakedomain.com,"Jan 27, 1984","Aug 01, 2017",,en,Demo_1_22,Demo_2_3,Demo_3_9
Madie Towne,76,madie.towne.76@fakedomain.com,"Jul 28, 1982","Aug 12, 1999",,en,Demo_1_48,Demo_2_7,Demo_3_0
Edwina Hegmann DDS,77,edwina.hegmann.dds.77@fakedomain.com,"Feb 18, 1975","Nov 21, 2007",,en,Demo_1_28,Demo_2_11,Demo_3_3
Deontae Mitchell DVM,78,deontae.mitchell.dvm.78@fakedomain.com,"Oct 23, 1920","Sep 02, 1963",,en,Demo_1_20,Demo_2_4,Demo_3_7
Dr. Cecil Toy,79,dr..cecil.toy.79@fakedomain.com,"Sep 24, 1979","Jul 26, 1994",,en,Demo_1_37,Demo_2_10,Demo_3_5
Taurean Purdy III,80,taurean.purdy.iii.80@fakedomain.com,"Feb 05, 1965","May 16, 1968",,en,Demo_1_4,Demo_2_9,Demo_3_9
Estelle Pagac,81,estelle.pagac.81@fakedomain.com,"Aug 18, 1952","Oct 26, 1965",,en,Demo_1_31,Demo_2_11,Demo_3_6
Aisha Kunde,82,aisha.kunde.82@fakedomain.com,"Feb 23, 1918","Apr 17, 1935",,en,Demo_1_30,Demo_2_13,Demo_3_3
Carson Volkman,83,carson.volkman.83@fakedomain.com,"Jun 25, 1947","Jul 17, 1976",,en,Demo_1_33,Demo_2_19,Demo_3_1
Miss Tre Metz,84,miss.tre.metz.84@fakedomain.com,"Oct 04, 1964","Jan 25, 2001",,en,Demo_1_23,Demo_2_15,Demo_3_3
Christop Senger,85,christop.senger.85@fakedomain.com,"Jan 15, 1936","Apr 28, 2009",,en,Demo_1_50,Demo_2_2,Demo_3_7
Hailey McLaughlin Sr.,86,hailey.mclaughlin.sr..86@fakedomain.com,"Dec 12, 1944","Jan 02, 1993",,en,Demo_1_20,Demo_2_20,Demo_3_1
Leila Dibbert Jr.,87,leila.dibbert.jr..87@fakedomain.com,"Aug 14, 1927","Dec 21, 1960",,en,Demo_1_10,Demo_2_8,Demo_3_5
Mrs. Paige Collier,88,mrs..paige.collier.88@fakedomain.com,"Sep 24, 1978","Jun 22, 2002",,en,Demo_1_23,Demo_2_2,Demo_3_9
Marcelo Hirthe II,89,marcelo.hirthe.ii.89@fakedomain.com,"Oct 01, 1926","Mar 31, 1986",,en,Demo_1_47,Demo_2_10,Demo_3_4
Wilber Leffler,90,wilber.leffler.90@fakedomain.com,"Jan 01, 1936","May 11, 1990",,en,Demo_1_19,Demo_2_20,Demo_3_7
Kade Langosh,91,kade.langosh.91@fakedomain.com,"Jul 21, 1924","Oct 16, 2004",,en,Demo_1_7,Demo_2_4,Demo_3_6
Kattie Ebert,92,kattie.ebert.92@fakedomain.com,"Mar 18, 2004","Sep 30, 2016",,en,Demo_1_26,Demo_2_17,Demo_3_3
Shakira O'Connell,93,shakira.o'connell.93@fakedomain.com,"Jul 22, 1932","Jul 04, 1989",,en,Demo_1_46,Demo_2_18,Demo_3_6
Katherine Wolff,94,katherine.wolff.94@fakedomain.com,"Mar 27, 1936","Aug 31, 1992",,en,Demo_1_22,Demo_2_19,Demo_3_3
Golden Pfeffer DVM,95,golden.pfeffer.dvm.95@fakedomain.com,"Jan 03, 1929","Jul 20, 1991",,en,Demo_1_15,Demo_2_14,Demo_3_0
Francis Treutel,96,francis.treutel.96@fakedomain.com,"Mar 29, 1936","Aug 13, 2007",,en,Demo_1_28,Demo_2_8,Demo_3_1
Deonte Boyer,97,deonte.boyer.97@fakedomain.com,"Apr 25, 1940","Jan 14, 2014",,en,Demo_1_36,Demo_2_12,Demo_3_2
Leonardo Hodkiewicz III,98,leonardo.hodkiewicz.iii.98@fakedomain.com,"Sep 06, 1995","Jul 29, 2000",,en,Demo_1_46,Demo_2_1,Demo_3_5
Angeline Lakin DDS,99,angeline.lakin.dds.99@fakedomain.com,"Mar 31, 1957","Aug 27, 2011",,en,Demo_1_47,Demo_2_0,Demo_3_8
Eldora Pagac,100,eldora.pagac.100@fakedomain.com,"Dec 04, 1974","May 01, 1988",,en,Demo_1_40,Demo_2_1,Demo_3_7
Armani Parker,101,armani.parker.101@fakedomain.com,"Jul 17, 1946","Oct 13, 1972",,en,Demo_1_2,Demo_2_0,Demo_3_3
Julio Nader III,102,julio.nader.iii.102@fakedomain.com,"Apr 05, 1991","Mar 18, 2000",,en,Demo_1_15,Demo_2_3,Demo_3_2
Freddy McDermott,103,freddy.mcdermott.103@fakedomain.com,"Feb 23, 1920","Jan 08, 1963",,en,Demo_1_35,Demo_2_17,Demo_3_5
Dr. Patience Kutch,104,dr..patience.kutch.104@fakedomain.com,"Apr 17, 1934","Jun 27, 1994",,en,Demo_1_2,Demo_2_6,Demo_3_3
Linwood Kub,105,linwood.kub.105@fakedomain.com,"Jun 01, 1989","Apr 09, 2002",,en,Demo_1_37,Demo_2_10,Demo_3_5
Linnea Breitenberg,106,linnea.breitenberg.106@fakedomain.com,"Oct 20, 1973","Dec 29, 2009",,en,Demo_1_1,Demo_2_9,Demo_3_3
Jakob Runolfsdottir,107,jakob.runolfsdottir.107@fakedomain.com,"Feb 18, 1969","Nov 08, 1992","Oct 08, 2018",en,Demo_1_11,Demo_2_7,Demo_3_3
Claudine O'Hara Jr.,108,claudine.o'hara.jr..108@fakedomain.com,"Mar 13, 1931","Oct 05, 1969",,en,Demo_1_49,Demo_2_15,Demo_3_2
Brenden Ratke,109,brenden.ratke.109@fakedomain.com,"Nov 19, 1984","Sep 19, 1988",,en,Demo_1_36,Demo_2_11,Demo_3_1
Cordelia McCullough,110,cordelia.mccullough.110@fakedomain.com,"Jul 03, 2006","Mar 23, 2012",,en,Demo_1_50,Demo_2_2,Demo_3_10
Miss Alf Prohaska,111,miss.alf.prohaska.111@fakedomain.com,"Mar 14, 1952","Apr 11, 1984",,en,Demo_1_24,Demo_2_16,Demo_3_5
Lina Pagac,112,lina.pagac.112@fakedomain.com,"Jun 15, 1917","Apr 17, 2018",,en,Demo_1_1,Demo_2_18,Demo_3_8
Myles Waters,113,myles.waters.113@fakedomain.com,"Feb 21, 1979","Jun 26, 2003",,en,Demo_1_36,Demo_2_3,Demo_3_7
Florence Tromp IV,114,florence.tromp.iv.114@fakedomain.com,"Oct 02, 1984","Oct 22, 2000",,en,Demo_1_47,Demo_2_5,Demo_3_10
Agnes Smith,115,agnes.smith.115@fakedomain.com,"Jan 26, 1994","Mar 25, 2014",,en,Demo_1_4,Demo_2_16,Demo_3_2
Mack Greenholt,116,mack.greenholt.116@fakedomain.com,"Aug 10, 1953","Jun 22, 1970",,en,Demo_1_47,Demo_2_3,Demo_3_8
Ms. Joel Jerde,117,ms..joel.jerde.117@fakedomain.com,"Jun 07, 1956","Oct 18, 1959",,en,Demo_1_10,Demo_2_14,Demo_3_1
Agustin Hodkiewicz,118,agustin.hodkiewicz.118@fakedomain.com,"Jun 24, 1921","Oct 18, 1955",,en,Demo_1_39,Demo_2_17,Demo_3_3
Madie Eichmann,119,madie.eichmann.119@fakedomain.com,"May 19, 1951","Sep 09, 1992",,en,Demo_1_26,Demo_2_17,Demo_3_4
Brook Baumbach,120,brook.baumbach.120@fakedomain.com,"Jun 26, 1954","Sep 11, 1972",,en,Demo_1_50,Demo_2_19,Demo_3_5
Roselyn Padberg V,121,roselyn.padberg.v.121@fakedomain.com,"Jan 26, 1929","Feb 17, 2000",,en,Demo_1_34,Demo_2_11,Demo_3_6
Trenton Mitchell,122,trenton.mitchell.122@fakedomain.com,"Mar 31, 1936","Mar 28, 1980",,en,Demo_1_25,Demo_2_6,Demo_3_3
Amos Gusikowski,123,amos.gusikowski.123@fakedomain.com,"Jul 04, 1948","Sep 26, 2016",,en,Demo_1_20,Demo_2_1,Demo_3_6
Mr. Nicola Graham,124,mr..nicola.graham.124@fakedomain.com,"May 07, 1988","Oct 28, 1999",,en,Demo_1_23,Demo_2_15,Demo_3_5
Erik Steuber,125,erik.steuber.125@fakedomain.com,"Jul 05, 1977","May 31, 1982",,en,Demo_1_20,Demo_2_12,Demo_3_7
Miss Talon Rogahn,126,miss.talon.rogahn.126@fakedomain.com,"Mar 14, 1936","Mar 17, 1976",,en,Demo_1_28,Demo_2_20,Demo_3_7
Raoul Mann,127,raoul.mann.127@fakedomain.com,"Feb 09, 1964","Feb 12, 2007",,en,Demo_1_50,Demo_2_2,Demo_3_2
Joshua Kilback,128,joshua.kilback.128@fakedomain.com,"Nov 28, 1950","Feb 07, 2004",,en,Demo_1_11,Demo_2_0,Demo_3_2
Kelley Dach MD,129,kelley.dach.md.129@fakedomain.com,"Jan 24, 1960","Jun 09, 1973",,en,Demo_1_35,Demo_2_1,Demo_3_2
Roscoe Glover,130,roscoe.glover.130@fakedomain.com,"Feb 05, 1973","Nov 23, 2016",,en,Demo_1_21,Demo_2_0,Demo_3_3
Shaniya Monahan,131,shaniya.monahan.131@fakedomain.com,"Sep 06, 1923","Feb 27, 1958",,en,Demo_1_8,Demo_2_15,Demo_3_2
Freida Bednar,132,freida.bednar.132@fakedomain.com,"Oct 08, 1973","Jun 17, 1984",,en,Demo_1_35,Demo_2_9,Demo_3_2
Hunter Frami,133,hunter.frami.133@fakedomain.com,"Nov 05, 1978","Oct 01, 1998",,en,Demo_1_6,Demo_2_14,Demo_3_4
Brice Hills IV,134,brice.hills.iv.134@fakedomain.com,"Nov 22, 1984","Mar 11, 2004",,en,Demo_1_38,Demo_2_6,Demo_3_2
Ms. Hiram Kessler,135,ms..hiram.kessler.135@fakedomain.com,"Jan 06, 1968","May 11, 1985",,en,Demo_1_15,Demo_2_9,Demo_3_6
Mr. Dana Bergstrom,136,mr..dana.bergstrom.136@fakedomain.com,"Oct 17, 1944","Aug 19, 1981",,en,Demo_1_36,Demo_2_19,Demo_3_8
Hermina Conn,137,hermina.conn.137@fakedomain.com,"Jan 18, 1942","Oct 28, 2010",,en,Demo_1_26,Demo_2_7,Demo_3_1
Elwin Hartmann,138,elwin.hartmann.138@fakedomain.com,"May 25, 1924","Mar 31, 1979",,en,Demo_1_21,Demo_2_14,Demo_3_6
Janae Harris,139,janae.harris.139@fakedomain.com,"Jul 23, 1969","Jun 14, 1987",,en,Demo_1_43,Demo_2_20,Demo_3_1
Ms. Dario Volkman,140,ms..dario.volkman.140@fakedomain.com,"Jul 11, 1970","Jul 12, 2006",,en,Demo_1_28,Demo_2_14,Demo_3_0
Brandon Conroy,141,brandon.conroy.141@fakedomain.com,"Oct 04, 1926","Nov 12, 2001",,en,Demo_1_5,Demo_2_15,Demo_3_7
Valentine Klein,142,valentine.klein.142@fakedomain.com,"Mar 28, 1967","Jul 05, 2014",,en,Demo_1_19,Demo_2_0,Demo_3_10
Johnnie Conroy,143,johnnie.conroy.143@fakedomain.com,"Nov 14, 1988","Dec 01, 2000",,en,Demo_1_4,Demo_2_10,Demo_3_5
Lonie Waelchi,144,lonie.waelchi.144@fakedomain.com,"Dec 04, 1972","Mar 21, 2010",,en,Demo_1_50,Demo_2_3,Demo_3_2
Myrtie Senger,145,myrtie.senger.145@fakedomain.com,"Feb 26, 1980","Nov 22, 2009",,en,Demo_1_41,Demo_2_0,Demo_3_7
Queen Carroll,146,queen.carroll.146@fakedomain.com,"Oct 20, 1933","Aug 16, 1979",,en,Demo_1_28,Demo_2_6,Demo_3_9
Natalia Toy,147,natalia.toy.147@fakedomain.com,"Sep 02, 1989","Jun 28, 2001",,en,Demo_1_12,Demo_2_6,Demo_3_7
Maiya Stehr,148,maiya.stehr.148@fakedomain.com,"Dec 17, 1928","Nov 06, 2007",,en,Demo_1_19,Demo_2_12,Demo_3_6
Dr. Nils Dach,149,dr..nils.dach.149@fakedomain.com,"Oct 27, 2005","Dec 13, 2014",,en,Demo_1_44,Demo_2_13,Demo_3_7
Theo Wuckert DVM,150,theo.wuckert.dvm.150@fakedomain.com,"May 30, 2002","Oct 19, 2012",,en,Demo_1_5,Demo_2_13,Demo_3_3
Jenifer Harber,151,jenifer.harber.151@fakedomain.com,"Nov 23, 1926","Jul 13, 1992",,en,Demo_1_1,Demo_2_10,Demo_3_4
Unique Harris,152,unique.harris.152@fakedomain.com,"Nov 25, 1979","Jun 01, 2001",,en,Demo_1_7,Demo_2_17,Demo_3_8
Kevon Ritchie,153,kevon.ritchie.153@fakedomain.com,"Apr 17, 1987","Feb 10, 2008",,en,Demo_1_14,Demo_2_6,Demo_3_6
Conor Trantow,154,conor.trantow.154@fakedomain.com,"Jun 23, 1928","Sep 23, 1950",,en,Demo_1_39,Demo_2_2,Demo_3_2
Adelia Reilly,155,adelia.reilly.155@fakedomain.com,"Nov 16, 1978","Apr 22, 1992",,en,Demo_1_14,Demo_2_7,Demo_3_9
Cleora Jacobs,156,cleora.jacobs.156@fakedomain.com,"Apr 01, 1957","Jun 25, 1971",,en,Demo_1_23,Demo_2_8,Demo_3_8
Wilfred Friesen,157,wilfred.friesen.157@fakedomain.com,"Nov 03, 1970","Mar 13, 1990",,en,Demo_1_50,Demo_2_17,Demo_3_10
Garth Toy,158,garth.toy.158@fakedomain.com,"Jan 01, 1981","Nov 13, 1998",,en,Demo_1_42,Demo_2_17,Demo_3_6
Chance Willms,159,chance.willms.159@fakedomain.com,"Oct 27, 1976","Feb 15, 1984",,en,Demo_1_33,Demo_2_14,Demo_3_10
Marta Stamm,160,marta.stamm.160@fakedomain.com,"May 18, 1925","Nov 03, 2010",,en,Demo_1_16,Demo_2_20,Demo_3_10
Simone Donnelly,161,simone.donnelly.161@fakedomain.com,"Jun 26, 1931","May 21, 1955",,en,Demo_1_15,Demo_2_19,Demo_3_7
Stephanie Hagenes,162,stephanie.hagenes.162@fakedomain.com,"Dec 25, 1950","May 11, 1969",,en,Demo_1_43,Demo_2_10,Demo_3_4
Adolphus O'Conner MD,163,adolphus.o'conner.md.163@fakedomain.com,"Aug 31, 1996","May 08, 2016",,en,Demo_1_3,Demo_2_13,Demo_3_8
Beatrice Veum PhD,164,beatrice.veum.phd.164@fakedomain.com,"Apr 04, 1939","Feb 09, 2003",,en,Demo_1_36,Demo_2_10,Demo_3_10
Ms. Tyshawn Gottlieb,165,ms..tyshawn.gottlieb.165@fakedomain.com,"Apr 02, 1970","Jan 13, 1980",,en,Demo_1_14,Demo_2_18,Demo_3_8
Dakota Kreiger Sr.,166,dakota.kreiger.sr..166@fakedomain.com,"Aug 28, 1924","Dec 10, 1990","Jan 01, 2019",en,Demo_1_4,Demo_2_14,Demo_3_10
Antwon Herman,167,antwon.herman.167@fakedomain.com,"Feb 17, 1982","Feb 19, 1986",,en,Demo_1_28,Demo_2_16,Demo_3_9
Santa Pouros,168,santa.pouros.168@fakedomain.com,"Jan 26, 1984","Nov 13, 2003",,en,Demo_1_43,Demo_2_3,Demo_3_4
Ms. Alvah Sauer,169,ms..alvah.sauer.169@fakedomain.com,"Oct 04, 1965","Jun 14, 1993",,en,Demo_1_15,Demo_2_11,Demo_3_0
Elisabeth Nolan,170,elisabeth.nolan.170@fakedomain.com,"Jan 27, 1979","Jun 26, 1998",,en,Demo_1_15,Demo_2_19,Demo_3_2
Misael Leuschke,171,misael.leuschke.171@fakedomain.com,"May 14, 1978","Mar 15, 2014",,en,Demo_1_12,Demo_2_15,Demo_3_7
Ashleigh Crona,172,ashleigh.crona.172@fakedomain.com,"Aug 08, 1929","Mar 24, 2003",,en,Demo_1_49,Demo_2_12,Demo_3_9
Buddy Wolff,173,buddy.wolff.173@fakedomain.com,"Jun 08, 1922","Feb 15, 1942",,en,Demo_1_7,Demo_2_4,Demo_3_9
Marta Moore,174,marta.moore.174@fakedomain.com,"Sep 13, 1941","Jan 16, 2005",,en,Demo_1_17,Demo_2_5,Demo_3_5
Maida Pfeffer,175,maida.pfeffer.175@fakedomain.com,"Jan 18, 1998","Dec 13, 2000","Aug 10, 2018",en,Demo_1_44,Demo_2_1,Demo_3_10
Jan Conroy,176,jan.conroy.176@fakedomain.com,"Dec 27, 1920","Jul 03, 1951",,en,Demo_1_0,Demo_2_12,Demo_3_3
Raquel Dicki,177,raquel.dicki.177@fakedomain.com,"Jul 07, 1999","Aug 06, 2010",,en,Demo_1_21,Demo_2_3,Demo_3_7
Jacinthe Bode,178,jacinthe.bode.178@fakedomain.com,"Jan 21, 1999","Nov 16, 2010",,en,Demo_1_31,Demo_2_10,Demo_3_6
Jorge Kuhn III,179,jorge.kuhn.iii.179@fakedomain.com,"Mar 09, 1933","Dec 01, 1950",,en,Demo_1_43,Demo_2_8,Demo_3_9
Rasheed Stark,180,rasheed.stark.180@fakedomain.com,"Feb 16, 1984","Feb 18, 1987",,en,Demo_1_3,Demo_2_0,Demo_3_1
Nelson Wintheiser,181,nelson.wintheiser.181@fakedomain.com,"Mar 13, 1923","Sep 27, 1939",,en,Demo_1_5,Demo_2_4,Demo_3_5
Andrew White III,182,andrew.white.iii.182@fakedomain.com,"May 06, 1965","Dec 10, 2000",,en,Demo_1_36,Demo_2_3,Demo_3_9
Mr. Jameson Hayes,183,mr..jameson.hayes.183@fakedomain.com,"May 10, 1932","Apr 18, 1955",,en,Demo_1_3,Demo_2_9,Demo_3_10
Lesly Spencer,184,lesly.spencer.184@fakedomain.com,"Feb 14, 1932","Nov 15, 1949",,en,Demo_1_40,Demo_2_4,Demo_3_4
Katheryn Bogan,185,katheryn.bogan.185@fakedomain.com,"Nov 09, 1926","Apr 21, 2015",,en,Demo_1_32,Demo_2_17,Demo_3_6
Leonardo Wolf,186,leonardo.wolf.186@fakedomain.com,"Aug 14, 1996","Apr 30, 2005",,en,Demo_1_36,Demo_2_11,Demo_3_8
Gwen Windler,187,gwen.windler.187@fakedomain.com,"Apr 08, 1967","Jul 10, 1971",,en,Demo_1_9,Demo_2_1,Demo_3_10
Duncan Klein,188,duncan.klein.188@fakedomain.com,"Jun 29, 1976","Nov 12, 1977","Jul 26, 2018",en,Demo_1_34,Demo_2_8,Demo_3_4
Devon Shields,189,devon.shields.189@fakedomain.com,"Aug 07, 1932","Oct 01, 1984",,en,Demo_1_38,Demo_2_18,Demo_3_4
Urban Buckridge,190,urban.buckridge.190@fakedomain.com,"Apr 05, 1989","Feb 25, 1990",,en,Demo_1_19,Demo_2_7,Demo_3_10
Darlene Osinski IV,191,darlene.osinski.iv.191@fakedomain.com,"Sep 13, 1921","Oct 24, 1991",,en,Demo_1_5,Demo_2_10,Demo_3_4
Talia Moen,192,talia.moen.192@fakedomain.com,"Mar 17, 1941","Aug 28, 1961",,en,Demo_1_50,Demo_2_9,Demo_3_5
Chanelle Lesch I,193,chanelle.lesch.i.193@fakedomain.com,"Jul 05, 1967","Oct 05, 1994",,en,Demo_1_46,Demo_2_17,Demo_3_5
Magali Gorczany,194,magali.gorczany.194@fakedomain.com,"Aug 03, 1999","Oct 13, 2007",,en,Demo_1_4,Demo_2_8,Demo_3_8
Manuel Kreiger,195,manuel.kreiger.195@fakedomain.com,"Nov 19, 2001","Jul 11, 2011",,en,Demo_1_2,Demo_2_18,Demo_3_3
Maud Schoen,196,maud.schoen.196@fakedomain.com,"Dec 23, 1950","Jun 05, 1995",,en,Demo_1_47,Demo_2_5,Demo_3_0
Edison Simonis,197,edison.simonis.197@fakedomain.com,"Aug 14, 1971","Sep 07, 2016",,en,Demo_1_21,Demo_2_11,Demo_3_2
Kyle Abshire,198,kyle.abshire.198@fakedomain.com,"Mar 14, 1987","Oct 27, 2014",,en,Demo_1_50,Demo_2_19,Demo_3_10
Gaetano Botsford,199,gaetano.botsford.199@fakedomain.com,"Jun 30, 1931","Jun 13, 1962",,en,Demo_1_1,Demo_2_12,Demo_3_10
Ramiro Schinner,200,ramiro.schinner.200@fakedomain.com,"Mar 03, 2002","Jul 10, 2015",,en,Demo_1_22,Demo_2_18,Demo_3_1
Frida Auer,201,frida.auer.201@fakedomain.com,"Aug 03, 1947","Oct 31, 1959",,en,Demo_1_12,Demo_2_11,Demo_3_8
Mrs. Joaquin O'Hara,202,mrs..joaquin.o'hara.202@fakedomain.com,"Jun 07, 1955","Nov 19, 2007",,en,Demo_1_18,Demo_2_13,Demo_3_4
Afton Marvin,203,afton.marvin.203@fakedomain.com,"Apr 03, 1980","Jun 03, 2002",,en,Demo_1_40,Demo_2_6,Demo_3_5
Dr. Yvette Goldner,204,dr..yvette.goldner.204@fakedomain.com,"Sep 26, 1964","Sep 16, 1974",,en,Demo_1_42,Demo_2_12,Demo_3_10
Mr. Grady Hartmann,205,mr..grady.hartmann.205@fakedomain.com,"Sep 28, 1937","Feb 25, 1984",,en,Demo_1_30,Demo_2_6,Demo_3_0
Mrs. Zion Mayer,206,mrs..zion.mayer.206@fakedomain.com,"Sep 12, 1939","Oct 01, 1957",,en,Demo_1_6,Demo_2_3,Demo_3_2
Katelyn Greenholt MD,207,katelyn.greenholt.md.207@fakedomain.com,"Jun 21, 1991","Dec 19, 1999",,en,Demo_1_0,Demo_2_9,Demo_3_1
Jules Bergstrom Jr.,208,jules.bergstrom.jr..208@fakedomain.com,"Mar 17, 1924","Apr 29, 1978",,en,Demo_1_33,Demo_2_14,Demo_3_10
Hosea Kerluke,209,hosea.kerluke.209@fakedomain.com,"May 22, 1922","Aug 13, 1955",,en,Demo_1_40,Demo_2_2,Demo_3_4
Velma Cormier IV,210,velma.cormier.iv.210@fakedomain.com,"Nov 07, 1934","Nov 09, 1964",,en,Demo_1_28,Demo_2_11,Demo_3_3
Leilani Shields,211,leilani.shields.211@fakedomain.com,"Mar 20, 1924","Feb 08, 1983",,en,Demo_1_19,Demo_2_2,Demo_3_5
Vivien Anderson,212,vivien.anderson.212@fakedomain.com,"Jun 11, 1919","Oct 23, 2004",,en,Demo_1_37,Demo_2_2,Demo_3_0
Ms. Cleo Larson,213,ms..cleo.larson.213@fakedomain.com,"Apr 20, 2003","Mar 05, 2004",,en,Demo_1_16,Demo_2_17,Demo_3_8
Gretchen Schultz,214,gretchen.schultz.214@fakedomain.com,"Aug 25, 1998","Jul 10, 2000",,en,Demo_1_45,Demo_2_1,Demo_3_4
Mrs. Joe Nitzsche,215,mrs..joe.nitzsche.215@fakedomain.com,"Oct 03, 1968","Mar 28, 2003",,en,Demo_1_43,Demo_2_18,Demo_3_5
Queenie Erdman,216,queenie.erdman.216@fakedomain.com,"Dec 26, 1970","May 14, 2002",,en,Demo_1_0,Demo_2_0,Demo_3_9
Ladarius Lind IV,217,ladarius.lind.iv.217@fakedomain.com,"Nov 28, 1997","Apr 12, 2016",,en,Demo_1_23,Demo_2_12,Demo_3_4
Ansley Luettgen,218,ansley.luettgen.218@fakedomain.com,"Mar 13, 1921","Jul 19, 1982",,en,Demo_1_33,Demo_2_7,Demo_3_0
Brant Ondricka DDS,219,brant.ondricka.dds.219@fakedomain.com,"Feb 25, 1981","Jun 28, 2000",,en,Demo_1_35,Demo_2_15,Demo_3_1
Morgan Howell II,220,morgan.howell.ii.220@fakedomain.com,"Mar 19, 1935","Oct 25, 1970",,en,Demo_1_47,Demo_2_8,Demo_3_9
Mr. Evangeline Ondricka,221,mr..evangeline.ondricka.221@fakedomain.com,"Feb 26, 1962","May 13, 1971",,en,Demo_1_30,Demo_2_13,Demo_3_5
Casimer Fahey,222,casimer.fahey.222@fakedomain.com,"Apr 19, 1933","Mar 06, 1999",,en,Demo_1_1,Demo_2_20,Demo_3_9
Coleman Auer,223,coleman.auer.223@fakedomain.com,"Jun 09, 1924","Jul 16, 1952",,en,Demo_1_40,Demo_2_4,Demo_3_0
Dr. Janelle Blick,224,dr..janelle.blick.224@fakedomain.com,"Nov 09, 1955","Aug 16, 1965","Nov 11, 2018",en,Demo_1_26,Demo_2_0,Demo_3_1
Edmund Bogan,225,edmund.bogan.225@fakedomain.com,"Jun 29, 1964","Dec 04, 1993",,en,Demo_1_50,Demo_2_11,Demo_3_0
Kristoffer Blick,226,kristoffer.blick.226@fakedomain.com,"Apr 28, 1977","Mar 09, 2014",,en,Demo_1_47,Demo_2_17,Demo_3_4
Wendy Langworth Sr.,227,wendy.langworth.sr..227@fakedomain.com,"Aug 10, 1984","Jan 18, 2004",,en,Demo_1_30,Demo_2_19,Demo_3_10
Kennith Turner,228,kennith.turner.228@fakedomain.com,"May 11, 1982","Mar 13, 2013",,en,Demo_1_43,Demo_2_7,Demo_3_0
Talia Hermiston,229,talia.hermiston.229@fakedomain.com,"Jun 19, 1968","Dec 17, 1984",,en,Demo_1_35,Demo_2_6,Demo_3_10
Simeon Schaefer DDS,230,simeon.schaefer.dds.230@fakedomain.com,"Apr 13, 1950","Sep 26, 1961",,en,Demo_1_4,Demo_2_17,Demo_3_0
Fermin Stokes,231,fermin.stokes.231@fakedomain.com,"Jul 05, 1985","Nov 28, 2012",,en,Demo_1_30,Demo_2_8,Demo_3_1
Miss Tony Hahn,232,miss.tony.hahn.232@fakedomain.com,"Jun 24, 2002","Dec 10, 2007",,en,Demo_1_1,Demo_2_2,Demo_3_4
Sabrina Auer,233,sabrina.auer.233@fakedomain.com,"Nov 13, 1926","Nov 01, 1947",,en,Demo_1_24,Demo_2_6,Demo_3_10
Miss Sherwood Runolfsdottir,234,miss.sherwood.runolfsdottir.234@fakedomain.com,"Sep 15, 1951","Feb 04, 1957",,en,Demo_1_42,Demo_2_10,Demo_3_3
Dr. Randi Schmidt,235,dr..randi.schmidt.235@fakedomain.com,"Apr 27, 1958","Oct 10, 2011",,en,Demo_1_8,Demo_2_19,Demo_3_2
Dante MacGyver,236,dante.macgyver.236@fakedomain.com,"Dec 12, 1922","Nov 04, 1923",,en,Demo_1_46,Demo_2_20,Demo_3_5
Evan Hoeger,237,evan.hoeger.237@fakedomain.com,"Jul 07, 1978","Apr 21, 2004",,en,Demo_1_12,Demo_2_19,Demo_3_3
Connie McCullough IV,238,connie.mccullough.iv.238@fakedomain.com,"Jun 04, 1918","Jun 17, 1961",,en,Demo_1_35,Demo_2_16,Demo_3_2
Marley Koch,239,marley.koch.239@fakedomain.com,"Nov 11, 1971","Sep 24, 2005",,en,Demo_1_2,Demo_2_1,Demo_3_4
Amir Steuber,240,amir.steuber.240@fakedomain.com,"Oct 09, 1964","Jul 18, 1987",,en,Demo_1_23,Demo_2_11,Demo_3_5
Alexandria Durgan IV,241,alexandria.durgan.iv.241@fakedomain.com,"Nov 20, 1938","Sep 04, 1974",,en,Demo_1_33,Demo_2_11,Demo_3_5
Ms. Elise Vandervort,242,ms..elise.vandervort.242@fakedomain.com,"Nov 11, 1951","May 16, 1968",,en,Demo_1_18,Demo_2_8,Demo_3_5
Rigoberto Lang,243,rigoberto.lang.243@fakedomain.com,"Jan 27, 1978","Mar 16, 2012",,en,Demo_1_41,Demo_2_5,Demo_3_3
Krystina Predovic,244,krystina.predovic.244@fakedomain.com,"Nov 16, 1945","Mar 29, 2013",,en,Demo_1_29,Demo_2_4,Demo_3_7
Kylee Fadel,245,kylee.fadel.245@fakedomain.com,"Mar 09, 1925","Oct 20, 1938",,en,Demo_1_10,Demo_2_3,Demo_3_2
Stanford Koch,246,stanford.koch.246@fakedomain.com,"Nov 20, 1989","Aug 31, 1992",,en,Demo_1_16,Demo_2_14,Demo_3_3
Elfrieda Bednar,247,elfrieda.bednar.247@fakedomain.com,"Jan 24, 1992","Jul 31, 2004",,en,Demo_1_10,Demo_2_11,Demo_3_5
Dandre Veum,248,dandre.veum.248@fakedomain.com,"Nov 19, 2006","Nov 02, 2009",,en,Demo_1_2,Demo_2_15,Demo_3_5
Aurelio Torp,249,aurelio.torp.249@fakedomain.com,"Dec 05, 1990","Mar 04, 1995",,en,Demo_1_50,Demo_2_12,Demo_3_2
Ethel Corkery,250,ethel.corkery.250@fakedomain.com,"Apr 02, 1927","Aug 07, 1991",,en,Demo_1_37,Demo_2_17,Demo_3_6
Micah Buckridge Sr.,251,micah.buckridge.sr..251@fakedomain.com,"Mar 03, 1971","Mar 11, 2005",,en,Demo_1_29,Demo_2_16,Demo_3_0
Rylee Smith II,252,rylee.smith.ii.252@fakedomain.com,"Dec 01, 1943","Apr 25, 2006",,en,Demo_1_10,Demo_2_11,Demo_3_1
Angelo Schumm,253,angelo.schumm.253@fakedomain.com,"Aug 16, 1949","May 25, 1962",,en,Demo_1_24,Demo_2_4,Demo_3_8
Adolph Dach MD,254,adolph.dach.md.254@fakedomain.com,"Jul 28, 1922","Oct 12, 1971","Aug 25, 2018",en,Demo_1_39,Demo_2_18,Demo_3_9
Benedict Kuhlman,255,benedict.kuhlman.255@fakedomain.com,"Nov 10, 1977","Dec 09, 1997",,en,Demo_1_16,Demo_2_20,Demo_3_4
Cletus Larson,256,cletus.larson.256@fakedomain.com,"Sep 04, 1919","Dec 25, 1927",,en,Demo_1_13,Demo_2_0,Demo_3_5
Olin Stroman,257,olin.stroman.257@fakedomain.com,"Oct 07, 1966","Apr 16, 2016",,en,Demo_1_5,Demo_2_16,Demo_3_6
Isabella Wintheiser DVM,258,isabella.wintheiser.dvm.258@fakedomain.com,"Oct 26, 1919","Jan 30, 2009",,en,Demo_1_29,Demo_2_19,Demo_3_9
Kay Bergstrom,259,kay.bergstrom.259@fakedomain.com,"Mar 09, 1960","Mar 18, 1962",,en,Demo_1_21,Demo_2_1,Demo_3_4
Hope Gorczany III,260,hope.gorczany.iii.260@fakedomain.com,"Jul 08, 1933","Dec 17, 1981",,en,Demo_1_10,Demo_2_9,Demo_3_10
Flavio Nikolaus,261,flavio.nikolaus.261@fakedomain.com,"Oct 27, 1934","Feb 16, 1985","Mar 04, 2019",en,Demo_1_39,Demo_2_12,Demo_3_4
Wava Hane,262,wava.hane.262@fakedomain.com,"Jan 03, 1998","Nov 20, 2000",,en,Demo_1_46,Demo_2_10,Demo_3_8
Mrs. Maci Leffler,263,mrs..maci.leffler.263@fakedomain.com,"Jul 26, 1918","Oct 22, 1925",,en,Demo_1_11,Demo_2_1,Demo_3_0
Vada McClure,264,vada.mcclure.264@fakedomain.com,"Dec 22, 1998","Dec 14, 2005",,en,Demo_1_0,Demo_2_10,Demo_3_10
Shyann Carter,265,shyann.carter.265@fakedomain.com,"Dec 14, 1982","Jun 13, 1990",,en,Demo_1_44,Demo_2_11,Demo_3_3
Mckenzie Bins,266,mckenzie.bins.266@fakedomain.com,"Mar 17, 1995","Oct 21, 2006",,en,Demo_1_36,Demo_2_13,Demo_3_3
Rhiannon Turner,267,rhiannon.turner.267@fakedomain.com,"May 29, 1960","Sep 02, 2005",,en,Demo_1_26,Demo_2_0,Demo_3_9
Clair Reichel Sr.,268,clair.reichel.sr..268@fakedomain.com,"Nov 06, 1945","Nov 18, 1973",,en,Demo_1_1,Demo_2_0,Demo_3_7
Dr. Barry Connelly,269,dr..barry.connelly.269@fakedomain.com,"Dec 21, 2004","Nov 10, 2010",,en,Demo_1_46,Demo_2_6,Demo_3_9
Jean Gibson,270,jean.gibson.270@fakedomain.com,"Jan 12, 2003","Oct 12, 2006",,en,Demo_1_6,Demo_2_18,Demo_3_9
Emerson Boehm,271,emerson.boehm.271@fakedomain.com,"Mar 24, 2003","Jun 17, 2016",,en,Demo_1_27,Demo_2_5,Demo_3_3
Margie Jacobson II,272,margie.jacobson.ii.272@fakedomain.com,"Feb 04, 2002","Sep 01, 2012","Jan 21, 2019",en,Demo_1_13,Demo_2_15,Demo_3_1
Abraham Koch,273,abraham.koch.273@fakedomain.com,"Mar 07, 1948","Sep 13, 2017",,en,Demo_1_40,Demo_2_12,Demo_3_9
Alysha Veum,274,alysha.veum.274@fakedomain.com,"Aug 17, 1958","Jan 23, 1968",,en,Demo_1_22,Demo_2_12,Demo_3_5
Carolyne Sipes,275,carolyne.sipes.275@fakedomain.com,"Jan 02, 1930","May 19, 1940",,en,Demo_1_45,Demo_2_5,Demo_3_0
Noemi Zulauf,276,noemi.zulauf.276@fakedomain.com,"Feb 23, 1947","Jan 14, 1993",,en,Demo_1_34,Demo_2_17,Demo_3_6
Miss Zita Heaney,277,miss.zita.heaney.277@fakedomain.com,"Jun 09, 1955","Sep 25, 1964",,en,Demo_1_23,Demo_2_2,Demo_3_2
Zoe Carter,278,zoe.carter.278@fakedomain.com,"Jun 16, 2001","Jan 19, 2013",,en,Demo_1_14,Demo_2_10,Demo_3_6
Houston Ritchie,279,houston.ritchie.279@fakedomain.com,"May 19, 1917","Dec 27, 2003",,en,Demo_1_17,Demo_2_17,Demo_3_9
Neva Kilback,280,neva.kilback.280@fakedomain.com,"May 26, 2003","Jan 30, 2009",,en,Demo_1_35,Demo_2_20,Demo_3_0
Mr. Adelia Veum,281,mr..adelia.veum.281@fakedomain.com,"Oct 02, 1964","May 09, 1996",,en,Demo_1_10,Demo_2_11,Demo_3_6
Isabella Orn,282,isabella.orn.282@fakedomain.com,"Jul 26, 1932","Mar 30, 1998",,en,Demo_1_40,Demo_2_6,Demo_3_4
Dr. Fernando Padberg,283,dr..fernando.padberg.283@fakedomain.com,"Jul 01, 1947","Apr 17, 1965",,en,Demo_1_45,Demo_2_8,Demo_3_10
Albin Schinner,284,albin.schinner.284@fakedomain.com,"Oct 14, 1976","Apr 08, 2002",,en,Demo_1_50,Demo_2_0,Demo_3_1
Jackson Toy IV,285,jackson.toy.iv.285@fakedomain.com,"Jan 11, 1956","Feb 26, 1980",,en,Demo_1_15,Demo_2_2,Demo_3_6
Ms. Neil Grady,286,ms..neil.grady.286@fakedomain.com,"Apr 23, 1989","Sep 27, 1991",,en,Demo_1_21,Demo_2_0,Demo_3_4
Missouri Kohler,287,missouri.kohler.287@fakedomain.com,"Oct 16, 1975","Aug 05, 2017",,en,Demo_1_32,Demo_2_4,Demo_3_5
Rodolfo Crooks,288,rodolfo.crooks.288@fakedomain.com,"Jul 17, 1987","Jan 24, 1994",,en,Demo_1_30,Demo_2_16,Demo_3_6
Susie Konopelski,289,susie.konopelski.289@fakedomain.com,"Apr 04, 1932","Jan 10, 1956",,en,Demo_1_9,Demo_2_5,Demo_3_9
Cathrine Abbott,290,cathrine.abbott.290@fakedomain.com,"Nov 27, 1921","Apr 03, 1999",,en,Demo_1_41,Demo_2_12,Demo_3_10
Lesly Jacobson,291,lesly.jacobson.291@fakedomain.com,"Jul 18, 1930","Nov 23, 1995",,en,Demo_1_42,Demo_2_9,Demo_3_2
Delaney Cormier DDS,292,delaney.cormier.dds.292@fakedomain.com,"Feb 02, 2005","Apr 20, 2011",,en,Demo_1_31,Demo_2_17,Demo_3_0
Dee Schmeler,293,dee.schmeler.293@fakedomain.com,"Nov 16, 1999","Feb 06, 2001",,en,Demo_1_8,Demo_2_19,Demo_3_5
Okey Herman,294,okey.herman.294@fakedomain.com,"Dec 24, 1950","Sep 07, 1992",,en,Demo_1_39,Demo_2_2,Demo_3_4
Ariel Thompson,295,ariel.thompson.295@fakedomain.com,"Jan 03, 1998","Dec 15, 2007",,en,Demo_1_18,Demo_2_7,Demo_3_7
Mrs. Loren Gutmann,296,mrs..loren.gutmann.296@fakedomain.com,"Oct 13, 1989","Oct 19, 2001",,en,Demo_1_7,Demo_2_8,Demo_3_5
Dr. Annie Renner,297,dr..annie.renner.297@fakedomain.com,"May 13, 1919","Jul 09, 1979",,en,Demo_1_10,Demo_2_14,Demo_3_10
Zoe Hilll,298,zoe.hilll.298@fakedomain.com,"Sep 30, 2005","Oct 25, 2005",,en,Demo_1_2,Demo_2_16,Demo_3_9
Isom Wyman DDS,299,isom.wyman.dds.299@fakedomain.com,"Jan 04, 1931","Sep 10, 1956",,en,Demo_1_18,Demo_2_8,Demo_3_9
Soledad Ward,300,soledad.ward.300@fakedomain.com,"Jul 23, 1922","Apr 23, 1947",,en,Demo_1_0,Demo_2_12,Demo_3_0
Dr. Maybelle Hermann,301,dr..maybelle.hermann.301@fakedomain.com,"Apr 09, 1941","Sep 09, 1984",,en,Demo_1_11,Demo_2_8,Demo_3_4
Edwin Aufderhar,302,edwin.aufderhar.302@fakedomain.com,"Jun 15, 1996","Sep 24, 2017",,en,Demo_1_29,Demo_2_15,Demo_3_0
Paula Mante,303,paula.mante.303@fakedomain.com,"Mar 31, 1924","Dec 24, 1970",,en,Demo_1_16,Demo_2_17,Demo_3_4
Zachery Ratke PhD,304,zachery.ratke.phd.304@fakedomain.com,"Feb 21, 2006","Jun 30, 2014",,en,Demo_1_48,Demo_2_13,Demo_3_7
Blanche Howe DDS,305,blanche.howe.dds.305@fakedomain.com,"Feb 22, 1955","Jan 08, 2002",,en,Demo_1_38,Demo_2_12,Demo_3_9
Mrs. Ernestine Kuvalis,306,mrs..ernestine.kuvalis.306@fakedomain.com,"Jan 28, 1995","Apr 29, 2007",,en,Demo_1_31,Demo_2_15,Demo_3_7
Miss Bridie Kilback,307,miss.bridie.kilback.307@fakedomain.com,"Sep 13, 1942","Jul 15, 1983",,en,Demo_1_0,Demo_2_5,Demo_3_0
Lucious Klein,308,lucious.klein.308@fakedomain.com,"Mar 29, 1948","Nov 24, 1954",,en,Demo_1_40,Demo_2_18,Demo_3_4
Hulda Auer,309,hulda.auer.309@fakedomain.com,"Jul 31, 1973","May 19, 1992",,en,Demo_1_35,Demo_2_5,Demo_3_1
Ramon Larson,310,ramon.larson.310@fakedomain.com,"Feb 15, 1941","Apr 12, 1963",,en,Demo_1_26,Demo_2_6,Demo_3_1
Lea Pagac,311,lea.pagac.311@fakedomain.com,"Apr 16, 1994","Mar 24, 2005",,en,Demo_1_36,Demo_2_14,Demo_3_7
Santino Koepp,312,santino.koepp.312@fakedomain.com,"Feb 06, 1984","Oct 11, 2005",,en,Demo_1_12,Demo_2_12,Demo_3_7
Mrs. Lee Corwin,313,mrs..lee.corwin.313@fakedomain.com,"Dec 04, 1943","Sep 27, 1952",,en,Demo_1_44,Demo_2_1,Demo_3_5
Melody Hilpert,314,melody.hilpert.314@fakedomain.com,"Sep 11, 1979","Aug 01, 1997",,en,Demo_1_48,Demo_2_3,Demo_3_2
Rolando Schulist,315,rolando.schulist.315@fakedomain.com,"Mar 04, 1995","Nov 07, 2016",,en,Demo_1_39,Demo_2_8,Demo_3_0
Gwendolyn Huels,316,gwendolyn.huels.316@fakedomain.com,"Feb 09, 1980","Jun 09, 2015",,en,Demo_1_20,Demo_2_6,Demo_3_5
Ms. Alysa Ernser,317,ms..alysa.ernser.317@fakedomain.com,"Jan 16, 2000","Jul 02, 2011",,en,Demo_1_25,Demo_2_4,Demo_3_3
Heidi Kling,318,heidi.kling.318@fakedomain.com,"Jun 28, 1969","Jul 07, 2008",,en,Demo_1_20,Demo_2_16,Demo_3_5
Keyon Moore V,319,keyon.moore.v.319@fakedomain.com,"Jun 24, 1943","Mar 14, 1994",,en,Demo_1_50,Demo_2_10,Demo_3_5
Dulce Pfannerstill,320,dulce.pfannerstill.320@fakedomain.com,"Mar 30, 1991","Jan 26, 2006",,en,Demo_1_47,Demo_2_0,Demo_3_10
Patricia Smitham,321,patricia.smitham.321@fakedomain.com,"Jun 01, 1995","Apr 20, 2017",,en,Demo_1_3,Demo_2_6,Demo_3_6
Fay Bauch,322,fay.bauch.322@fakedomain.com,"Apr 21, 1934","Jan 30, 2013",,en,Demo_1_32,Demo_2_17,Demo_3_9
Elenor Grady,323,elenor.grady.323@fakedomain.com,"Aug 27, 1961","Jan 19, 2010",,en,Demo_1_1,Demo_2_11,Demo_3_7
Abbey Schroeder,324,abbey.schroeder.324@fakedomain.com,"Jan 03, 1972","Jun 24, 2001",,en,Demo_1_17,Demo_2_8,Demo_3_2
Caterina Mraz,325,caterina.mraz.325@fakedomain.com,"Dec 03, 1923","May 26, 1989",,en,Demo_1_47,Demo_2_19,Demo_3_2
Dorothea Reilly II,326,dorothea.reilly.ii.326@fakedomain.com,"Dec 25, 1977","Mar 15, 2007",,en,Demo_1_36,Demo_2_4,Demo_3_0
Nicole Hermann MD,327,nicole.hermann.md.327@fakedomain.com,"Dec 22, 1952","Mar 15, 2017",,en,Demo_1_17,Demo_2_7,Demo_3_4
Nolan Pfannerstill,328,nolan.pfannerstill.328@fakedomain.com,"Jan 09, 1919","Apr 27, 1996",,en,Demo_1_2,Demo_2_1,Demo_3_7
Jaunita Raynor,329,jaunita.raynor.329@fakedomain.com,"Jan 12, 1925","Jul 26, 1985",,en,Demo_1_16,Demo_2_7,Demo_3_4
Gaetano MacGyver,330,gaetano.macgyver.330@fakedomain.com,"Jan 20, 1949","Apr 25, 1997",,en,Demo_1_17,Demo_2_15,Demo_3_3
Miss Odessa Leannon,331,miss.odessa.leannon.331@fakedomain.com,"Dec 14, 1935","Mar 05, 2018",,en,Demo_1_42,Demo_2_20,Demo_3_5
Dr. Jessika Weimann,332,dr..jessika.weimann.332@fakedomain.com,"Aug 23, 1976","Apr 28, 2015",,en,Demo_1_7,Demo_2_5,Demo_3_4
Carmine Bayer,333,carmine.bayer.333@fakedomain.com,"Aug 31, 1941","Nov 10, 1955",,en,Demo_1_35,Demo_2_20,Demo_3_5
Terrence Lowe,334,terrence.lowe.334@fakedomain.com,"Jul 23, 1952","Oct 27, 1965",,en,Demo_1_3,Demo_2_3,Demo_3_1
Darius Conroy,335,darius.conroy.335@fakedomain.com,"May 18, 1942","Apr 20, 1952",,en,Demo_1_4,Demo_2_14,Demo_3_3
Demond Von MD,336,demond.von.md.336@fakedomain.com,"Sep 23, 1948","Jan 28, 1980",,en,Demo_1_18,Demo_2_8,Demo_3_9
Mariana Champlin,337,mariana.champlin.337@fakedomain.com,"Dec 16, 1958","Apr 08, 1981",,en,Demo_1_40,Demo_2_20,Demo_3_1
Ms. Jonatan Howe,338,ms..jonatan.howe.338@fakedomain.com,"Jul 20, 2005","Jun 08, 2015",,en,Demo_1_47,Demo_2_3,Demo_3_0
Braxton Rau,339,braxton.rau.339@fakedomain.com,"Feb 05, 2005","Jun 29, 2013",,en,Demo_1_4,Demo_2_16,Demo_3_6
Miss Dante Emmerich,340,miss.dante.emmerich.340@fakedomain.com,"Aug 01, 1943","Jan 21, 1977","Dec 07, 2018",en,Demo_1_17,Demo_2_10,Demo_3_2
Amelie Jones DDS,341,amelie.jones.dds.341@fakedomain.com,"Apr 08, 1956","May 10, 1985",,en,Demo_1_10,Demo_2_1,Demo_3_8
Annette Lindgren,342,annette.lindgren.342@fakedomain.com,"Mar 04, 2004","Apr 21, 2006",,en,Demo_1_12,Demo_2_6,Demo_3_1
Karina Beer,343,karina.beer.343@fakedomain.com,"Feb 01, 2003","May 11, 2004","Jun 19, 2019",en,Demo_1_39,Demo_2_16,Demo_3_2
Tyshawn Tromp,344,tyshawn.tromp.344@fakedomain.com,"Jul 08, 1953","Jan 30, 1988",,en,Demo_1_20,Demo_2_10,Demo_3_5
Mr. Kali Stoltenberg,345,mr..kali.stoltenberg.345@fakedomain.com,"Oct 18, 1949","Sep 29, 2013",,en,Demo_1_30,Demo_2_14,Demo_3_0
Eileen Sauer,346,eileen.sauer.346@fakedomain.com,"Oct 18, 2003","Sep 04, 2011",,en,Demo_1_28,Demo_2_4,Demo_3_10
Crystel Block,347,crystel.block.347@fakedomain.com,"Nov 15, 1937","Jun 26, 1987",,en,Demo_1_18,Demo_2_6,Demo_3_3
Jean Schoen Sr.,348,jean.schoen.sr..348@fakedomain.com,"Sep 10, 1983","Oct 16, 1997",,en,Demo_1_37,Demo_2_5,Demo_3_7
Christopher Gottlieb IV,349,christopher.gottlieb.iv.349@fakedomain.com,"Jan 26, 1993","Feb 28, 2014",,en,Demo_1_45,Demo_2_3,Demo_3_10
Dorthy Dibbert DVM,350,dorthy.dibbert.dvm.350@fakedomain.com,"Sep 03, 1959","Mar 21, 1994",,en,Demo_1_25,Demo_2_1,Demo_3_10
Tyreek Terry,351,tyreek.terry.351@fakedomain.com,"Aug 12, 1941","Aug 20, 1955",,en,Demo_1_42,Demo_2_20,Demo_3_4
Lamont Donnelly,352,lamont.donnelly.352@fakedomain.com,"Aug 22, 1955","Dec 10, 1994",,en,Demo_1_28,Demo_2_7,Demo_3_8
Mrs. Marco Hessel,353,mrs..marco.hessel.353@fakedomain.com,"Jul 25, 1993","Oct 23, 2017",,en,Demo_1_22,Demo_2_18,Demo_3_6
Mr. Theodora Smith,354,mr..theodora.smith.354@fakedomain.com,"Nov 20, 1951","Jan 03, 1961",,en,Demo_1_34,Demo_2_18,Demo_3_0
Khalil Bernier,355,khalil.bernier.355@fakedomain.com,"Aug 31, 1950","Sep 13, 1963",,en,Demo_1_50,Demo_2_4,Demo_3_4
Antoinette Mills,356,antoinette.mills.356@fakedomain.com,"Jul 18, 1950","Sep 06, 1977",,en,Demo_1_46,Demo_2_8,Demo_3_10
Brycen Monahan,357,brycen.monahan.357@fakedomain.com,"Aug 27, 1977","Jul 27, 2006",,en,Demo_1_22,Demo_2_12,Demo_3_3
Jocelyn Nicolas,358,jocelyn.nicolas.358@fakedomain.com,"Jul 20, 1923","Apr 24, 1965",,en,Demo_1_3,Demo_2_20,Demo_3_5
Euna West PhD,359,euna.west.phd.359@fakedomain.com,"Sep 20, 1968","Mar 31, 1969",,en,Demo_1_47,Demo_2_20,Demo_3_10
Bruce Jenkins,360,bruce.jenkins.360@fakedomain.com,"Jun 25, 1946","Mar 23, 1963",,en,Demo_1_35,Demo_2_19,Demo_3_8
Jules Nader,361,jules.nader.361@fakedomain.com,"Mar 04, 1935","Jan 15, 1982",,en,Demo_1_29,Demo_2_9,Demo_3_10
Noemi Wisoky,362,noemi.wisoky.362@fakedomain.com,"Apr 05, 1971","Feb 10, 2005",,en,Demo_1_6,Demo_2_1,Demo_3_6
Luella Rohan,363,luella.rohan.363@fakedomain.com,"Sep 10, 2004","Dec 31, 2014",,en,Demo_1_2,Demo_2_13,Demo_3_9
Sid Schulist,364,sid.schulist.364@fakedomain.com,"Dec 07, 1925","Jan 22, 1972",,en,Demo_1_10,Demo_2_8,Demo_3_8
Morris Hand,365,morris.hand.365@fakedomain.com,"May 07, 2003","Jul 29, 2016",,en,Demo_1_27,Demo_2_11,Demo_3_5
Aileen Buckridge,366,aileen.buckridge.366@fakedomain.com,"Dec 14, 1970","Feb 11, 2013",,en,Demo_1_28,Demo_2_2,Demo_3_1
Angel Hodkiewicz Jr.,367,angel.hodkiewicz.jr..367@fakedomain.com,"May 19, 1948","Jul 22, 1994",,en,Demo_1_19,Demo_2_14,Demo_3_9
Chet Jast,368,chet.jast.368@fakedomain.com,"Sep 12, 1940","Jan 05, 1992",,en,Demo_1_31,Demo_2_19,Demo_3_2
Josiane Lynch,369,josiane.lynch.369@fakedomain.com,"Sep 07, 1977","Feb 15, 2005","Aug 14, 2018",en,Demo_1_22,Demo_2_10,Demo_3_6
Dr. Randi Yundt,370,dr..randi.yundt.370@fakedomain.com,"Nov 19, 1944","Nov 07, 2009",,en,Demo_1_13,Demo_2_4,Demo_3_2
Arnoldo Medhurst,371,arnoldo.medhurst.371@fakedomain.com,"Jun 10, 1949","Nov 19, 1980",,en,Demo_1_49,Demo_2_4,Demo_3_3
Ms. Abelardo Labadie,372,ms..abelardo.labadie.372@fakedomain.com,"Sep 11, 1949","Sep 11, 2009",,en,Demo_1_33,Demo_2_11,Demo_3_10
Eliza Schmitt,373,eliza.schmitt.373@fakedomain.com,"Feb 27, 1995","May 28, 1998",,en,Demo_1_26,Demo_2_15,Demo_3_2
Laverna Jones,374,laverna.jones.374@fakedomain.com,"Aug 05, 1997","Aug 28, 2008",,en,Demo_1_32,Demo_2_17,Demo_3_9
Ashley McLaughlin,375,ashley.mclaughlin.375@fakedomain.com,"Aug 08, 1975","May 07, 2004",,en,Demo_1_48,Demo_2_7,Demo_3_2
Ahmad Deckow,376,ahmad.deckow.376@fakedomain.com,"Feb 05, 1950","Feb 14, 1992",,en,Demo_1_12,Demo_2_8,Demo_3_7
Sydni Hilll,377,sydni.hilll.377@fakedomain.com,"May 02, 1917","Feb 17, 1985",,en,Demo_1_0,Demo_2_0,Demo_3_2
Mckayla Smith,378,mckayla.smith.378@fakedomain.com,"Apr 26, 1945","Aug 03, 1958",,en,Demo_1_46,Demo_2_13,Demo_3_7
Dr. Micheal Feil,379,dr..micheal.feil.379@fakedomain.com,"Jul 22, 1970","May 23, 1996","Jul 24, 2019",en,Demo_1_35,Demo_2_19,Demo_3_2
Mr. Tianna Roberts,380,mr..tianna.roberts.380@fakedomain.com,"Dec 06, 1996","Jul 11, 2002",,en,Demo_1_27,Demo_2_5,Demo_3_4
Ike Hudson MD,381,ike.hudson.md.381@fakedomain.com,"Dec 20, 1941","Jan 27, 2006",,en,Demo_1_39,Demo_2_0,Demo_3_6
Antonina Farrell,382,antonina.farrell.382@fakedomain.com,"May 19, 1986","Mar 28, 2000",,en,Demo_1_12,Demo_2_19,Demo_3_8
Dr. Ashton Dooley,383,dr..ashton.dooley.383@fakedomain.com,"Jul 22, 1987","Mar 13, 2017",,en,Demo_1_31,Demo_2_12,Demo_3_4
Garett Kirlin,384,garett.kirlin.384@fakedomain.com,"Oct 25, 1930","Feb 26, 1986",,en,Demo_1_39,Demo_2_5,Demo_3_1
Mark Block,385,mark.block.385@fakedomain.com,"Jul 10, 1967","Sep 25, 1975",,en,Demo_1_16,Demo_2_5,Demo_3_4
Fermin Schoen,386,fermin.schoen.386@fakedomain.com,"Aug 18, 1942","Sep 26, 2008",,en,Demo_1_23,Demo_2_9,Demo_3_8
Elenor Kassulke,387,elenor.kassulke.387@fakedomain.com,"Apr 25, 1939","Nov 04, 1961",,en,Demo_1_26,Demo_2_0,Demo_3_7
Dr. Arnoldo Bailey,388,dr..arnoldo.bailey.388@fakedomain.com,"Jul 01, 1937","Jun 23, 2010",,en,Demo_1_11,Demo_2_10,Demo_3_4
Mr. Modesto Welch,389,mr..modesto.welch.389@fakedomain.com,"Aug 11, 1970","Jun 02, 1978",,en,Demo_1_47,Demo_2_4,Demo_3_5
Cameron Beahan,390,cameron.beahan.390@fakedomain.com,"Nov 18, 1934","Feb 05, 1985",,en,Demo_1_49,Demo_2_1,Demo_3_1
Ms. Leanna Fay,391,ms..leanna.fay.391@fakedomain.com,"Oct 21, 1917","Jul 15, 1924",,en,Demo_1_18,Demo_2_15,Demo_3_0
Mr. Jackeline Lemke,392,mr..jackeline.lemke.392@fakedomain.com,"Jun 20, 2004","Jun 14, 2017","Jun 27, 2019",en,Demo_1_47,Demo_2_16,Demo_3_5
Christy Goyette,393,christy.goyette.393@fakedomain.com,"Jun 14, 1920","Jul 08, 2007",,en,Demo_1_44,Demo_2_8,Demo_3_1
Eulalia Wiza Sr.,394,eulalia.wiza.sr..394@fakedomain.com,"Jan 01, 1977","May 19, 2018",,en,Demo_1_38,Demo_2_8,Demo_3_5
Ms. Akeem Fahey,395,ms..akeem.fahey.395@fakedomain.com,"Jul 09, 1978","Jan 13, 2017",,en,Demo_1_34,Demo_2_11,Demo_3_0
Mariano Grady I,396,mariano.grady.i.396@fakedomain.com,"Jun 28, 1931","May 19, 1983",,en,Demo_1_7,Demo_2_16,Demo_3_8
Santa Lueilwitz,397,santa.lueilwitz.397@fakedomain.com,"Aug 05, 1952","Feb 10, 2001",,en,Demo_1_46,Demo_2_17,Demo_3_1
Domenic O'Kon DDS,398,domenic.o'kon.dds.398@fakedomain.com,"Sep 15, 1984","Aug 31, 2009",,en,Demo_1_6,Demo_2_13,Demo_3_3
Ms. Queenie Predovic,399,ms..queenie.predovic.399@fakedomain.com,"Sep 15, 1951","May 25, 1955",,en,Demo_1_16,Demo_2_18,Demo_3_10
Geovanny Rosenbaum,400,geovanny.rosenbaum.400@fakedomain.com,"Jan 26, 1993","Jan 19, 2009",,en,Demo_1_4,Demo_2_12,Demo_3_2
Rocky Lesch,401,rocky.lesch.401@fakedomain.com,"Aug 12, 2001","Aug 12, 2007",,en,Demo_1_8,Demo_2_1,Demo_3_5
Mr. Eden Weimann,402,mr..eden.weimann.402@fakedomain.com,"Nov 25, 1985","Feb 15, 2002","Feb 27, 2019",en,Demo_1_18,Demo_2_3,Demo_3_9
Jackson Kuhic,403,jackson.kuhic.403@fakedomain.com,"May 06, 1924","Jan 10, 1936",,en,Demo_1_5,Demo_2_13,Demo_3_1
Josiah Bruen,404,josiah.bruen.404@fakedomain.com,"Jun 05, 1918","Feb 08, 1968",,en,Demo_1_44,Demo_2_2,Demo_3_6
Aubree Mitchell,405,aubree.mitchell.405@fakedomain.com,"Feb 09, 1957","Jan 23, 1970",,en,Demo_1_36,Demo_2_12,Demo_3_1
Stefan Marvin,406,stefan.marvin.406@fakedomain.com,"Oct 21, 1967","Oct 18, 1973",,en,Demo_1_32,Demo_2_5,Demo_3_10
Sigrid Stehr,407,sigrid.stehr.407@fakedomain.com,"Jul 02, 1976","Oct 14, 2003","Nov 23, 2018",en,Demo_1_40,Demo_2_13,Demo_3_8
Miss Mike Ratke,408,miss.mike.ratke.408@fakedomain.com,"Feb 25, 1945","May 08, 1971",,en,Demo_1_40,Demo_2_3,Demo_3_8
Queen Reichert,409,queen.reichert.409@fakedomain.com,"Feb 24, 1984","Apr 11, 2010",,en,Demo_1_13,Demo_2_1,Demo_3_4
Lyla Emmerich,410,lyla.emmerich.410@fakedomain.com,"Sep 08, 2002","Oct 15, 2009",,en,Demo_1_32,Demo_2_14,Demo_3_8
Mrs. Lisette Spinka,411,mrs..lisette.spinka.411@fakedomain.com,"Dec 02, 1989","Apr 28, 2004",,en,Demo_1_31,Demo_2_17,Demo_3_5
Catalina Schoen,412,catalina.schoen.412@fakedomain.com,"May 27, 1958","Dec 23, 2001",,en,Demo_1_50,Demo_2_13,Demo_3_1
Ulises Price,413,ulises.price.413@fakedomain.com,"Dec 30, 1956","Dec 21, 1986",,en,Demo_1_49,Demo_2_6,Demo_3_4
Jerod Hane,414,jerod.hane.414@fakedomain.com,"May 03, 1944","Oct 29, 1979",,en,Demo_1_13,Demo_2_8,Demo_3_10
Carolyn Friesen,415,carolyn.friesen.415@fakedomain.com,"Apr 13, 1985","Nov 05, 2011",,en,Demo_1_35,Demo_2_10,Demo_3_10
Marge Hyatt,416,marge.hyatt.416@fakedomain.com,"Nov 16, 1969","Aug 06, 1987",,en,Demo_1_34,Demo_2_19,Demo_3_3
Patsy Witting,417,patsy.witting.417@fakedomain.com,"Mar 13, 1966","Sep 16, 1976",,en,Demo_1_33,Demo_2_11,Demo_3_10
Sydni Lockman Jr.,418,sydni.lockman.jr..418@fakedomain.com,"Mar 17, 1972","Aug 23, 2001",,en,Demo_1_30,Demo_2_4,Demo_3_0
Bud Borer,419,bud.borer.419@fakedomain.com,"Jan 14, 1994","Dec 13, 2012",,en,Demo_1_24,Demo_2_18,Demo_3_10
Nigel Leffler II,420,nigel.leffler.ii.420@fakedomain.com,"Apr 22, 1949","Dec 03, 1999",,en,Demo_1_11,Demo_2_10,Demo_3_0
Demarcus Rath,421,demarcus.rath.421@fakedomain.com,"Apr 18, 1995","Jul 10, 2006",,en,Demo_1_34,Demo_2_17,Demo_3_4
Daisha Bogisich,422,daisha.bogisich.422@fakedomain.com,"Aug 12, 1995","Dec 24, 2002",,en,Demo_1_43,Demo_2_19,Demo_3_8
Dr. Leone Reilly,423,dr..leone.reilly.423@fakedomain.com,"Feb 16, 1986","Dec 27, 1996",,en,Demo_1_50,Demo_2_7,Demo_3_1
Myles Dare,424,myles.dare.424@fakedomain.com,"Jan 22, 1943","Mar 04, 1986",,en,Demo_1_15,Demo_2_11,Demo_3_3
Fleta Wuckert II,425,fleta.wuckert.ii.425@fakedomain.com,"Dec 10, 1945","Aug 03, 1969",,en,Demo_1_6,Demo_2_17,Demo_3_1
Cecil Hirthe,426,cecil.hirthe.426@fakedomain.com,"Jan 31, 1986","Dec 16, 1999",,en,Demo_1_40,Demo_2_1,Demo_3_1
Emelie Harber,427,emelie.harber.427@fakedomain.com,"May 29, 1941","Jul 30, 1979",,en,Demo_1_38,Demo_2_19,Demo_3_9
Sharon Lueilwitz,428,sharon.lueilwitz.428@fakedomain.com,"Apr 10, 1962","Dec 07, 2007",,en,Demo_1_6,Demo_2_0,Demo_3_5
Ova Hintz,429,ova.hintz.429@fakedomain.com,"Dec 02, 1987","Jun 05, 1997",,en,Demo_1_34,Demo_2_6,Demo_3_8
Retha Harber,430,retha.harber.430@fakedomain.com,"Nov 04, 1949","Jan 07, 2004",,en,Demo_1_41,Demo_2_16,Demo_3_10
Monique Barton,431,monique.barton.431@fakedomain.com,"Mar 08, 1950","Jan 20, 1972",,en,Demo_1_32,Demo_2_19,Demo_3_4
Lea Kertzmann,432,lea.kertzmann.432@fakedomain.com,"Feb 08, 1961","Nov 09, 1988",,en,Demo_1_31,Demo_2_16,Demo_3_7
May Bradtke,433,may.bradtke.433@fakedomain.com,"Oct 14, 1950","Jan 29, 1981",,en,Demo_1_34,Demo_2_9,Demo_3_7
Eve Oberbrunner,434,eve.oberbrunner.434@fakedomain.com,"Feb 09, 1999","Sep 12, 2013",,en,Demo_1_15,Demo_2_19,Demo_3_6
Marcus Sipes,435,marcus.sipes.435@fakedomain.com,"Aug 29, 1926","Dec 08, 1960",,en,Demo_1_10,Demo_2_2,Demo_3_7
Modesta Donnelly,436,modesta.donnelly.436@fakedomain.com,"Apr 06, 1939","Feb 05, 2018",,en,Demo_1_38,Demo_2_13,Demo_3_5
Miss Jeffry Connelly,437,miss.jeffry.connelly.437@fakedomain.com,"Nov 02, 1979","Apr 30, 2014",,en,Demo_1_27,Demo_2_9,Demo_3_1
Cedrick Kohler,438,cedrick.kohler.438@fakedomain.com,"Jun 20, 1998","Oct 11, 2014",,en,Demo_1_50,Demo_2_17,Demo_3_4
Eunice Shields,439,eunice.shields.439@fakedomain.com,"Jan 23, 2001","Apr 26, 2011",,en,Demo_1_28,Demo_2_15,Demo_3_5
Mafalda Bernhard,440,mafalda.bernhard.440@fakedomain.com,"Apr 15, 1998","Jun 13, 2008",,en,Demo_1_24,Demo_2_5,Demo_3_3
Luigi Satterfield,441,luigi.satterfield.441@fakedomain.com,"Dec 03, 1982","Sep 04, 2002",,en,Demo_1_9,Demo_2_5,Demo_3_3
Kendra Funk II,442,kendra.funk.ii.442@fakedomain.com,"Sep 12, 1964","Mar 06, 2009",,en,Demo_1_25,Demo_2_17,Demo_3_2
Mrs. Jamil Yundt,443,mrs..jamil.yundt.443@fakedomain.com,"Dec 10, 1960","Sep 25, 1991",,en,Demo_1_30,Demo_2_19,Demo_3_4
Kobe Gutmann,444,kobe.gutmann.444@fakedomain.com,"Sep 20, 1918","Dec 05, 1945",,en,Demo_1_20,Demo_2_14,Demo_3_7
Raheem Orn DVM,445,raheem.orn.dvm.445@fakedomain.com,"Jun 26, 1974","Sep 17, 1989",,en,Demo_1_23,Demo_2_18,Demo_3_6
Devin Funk,446,devin.funk.446@fakedomain.com,"Sep 18, 1974","Dec 21, 1994",,en,Demo_1_4,Demo_2_9,Demo_3_7
Lisa Olson,447,lisa.olson.447@fakedomain.com,"Jul 21, 1952","Mar 20, 1988",,en,Demo_1_47,Demo_2_0,Demo_3_2
Fatima Hintz,448,fatima.hintz.448@fakedomain.com,"May 24, 1924","Dec 19, 1934",,en,Demo_1_18,Demo_2_20,Demo_3_7
Ms. Icie Hickle,449,ms..icie.hickle.449@fakedomain.com,"Feb 09, 1956","Feb 26, 2009",,en,Demo_1_8,Demo_2_13,Demo_3_8
Braden Bernhard,450,braden.bernhard.450@fakedomain.com,"Feb 09, 1980","Oct 19, 1992",,en,Demo_1_7,Demo_2_7,Demo_3_3
Maximillia Daugherty,451,maximillia.daugherty.451@fakedomain.com,"Oct 17, 1968","Apr 03, 2005",,en,Demo_1_31,Demo_2_10,Demo_3_10
Margarita Runte,452,margarita.runte.452@fakedomain.com,"Jan 06, 1950","Jun 09, 1963",,en,Demo_1_43,Demo_2_0,Demo_3_10
Ms. Tyler Leffler,453,ms..tyler.leffler.453@fakedomain.com,"Dec 28, 1930","Jan 01, 1931",,en,Demo_1_39,Demo_2_19,Demo_3_10
Alessandra Price,454,alessandra.price.454@fakedomain.com,"Jul 02, 1987","Jan 19, 2002",,en,Demo_1_18,Demo_2_7,Demo_3_0
Mr. Matilda Boyer,455,mr..matilda.boyer.455@fakedomain.com,"Dec 01, 1924","Feb 28, 1946",,en,Demo_1_35,Demo_2_1,Demo_3_5
Bernardo Douglas,456,bernardo.douglas.456@fakedomain.com,"Mar 16, 1995","May 02, 2008",,en,Demo_1_35,Demo_2_16,Demo_3_10
Dominique Wuckert,457,dominique.wuckert.457@fakedomain.com,"Nov 27, 2005","Dec 08, 2005",,en,Demo_1_6,Demo_2_8,Demo_3_1
Sandy Zemlak,458,sandy.zemlak.458@fakedomain.com,"Apr 05, 1993","Aug 06, 2004",,en,Demo_1_18,Demo_2_16,Demo_3_0
Tara Mertz,459,tara.mertz.459@fakedomain.com,"Jul 23, 1924","Jan 14, 1929",,en,Demo_1_8,Demo_2_5,Demo_3_3
Natalie Connelly,460,natalie.connelly.460@fakedomain.com,"May 25, 1953","Oct 18, 1974",,en,Demo_1_2,Demo_2_15,Demo_3_6
Francesco Kihn,461,francesco.kihn.461@fakedomain.com,"May 29, 1960","Apr 05, 2014",,en,Demo_1_48,Demo_2_12,Demo_3_4
Aditya Ferry,462,aditya.ferry.462@fakedomain.com,"Feb 02, 1984","Jul 13, 2011",,en,Demo_1_16,Demo_2_18,Demo_3_1
Luigi Considine,463,luigi.considine.463@fakedomain.com,"Sep 13, 1992","Mar 08, 2000",,en,Demo_1_13,Demo_2_15,Demo_3_4
Clark Nienow,464,clark.nienow.464@fakedomain.com,"May 12, 1979","Oct 18, 1988",,en,Demo_1_8,Demo_2_14,Demo_3_5
Lee Denesik,465,lee.denesik.465@fakedomain.com,"Mar 19, 1931","Jun 08, 2008",,en,Demo_1_38,Demo_2_12,Demo_3_2
Rocky Kulas,466,rocky.kulas.466@fakedomain.com,"Jan 18, 1971","Sep 30, 1999",,en,Demo_1_42,Demo_2_0,Demo_3_8
Sven Boehm,467,sven.boehm.467@fakedomain.com,"Jun 19, 1984","Dec 05, 1984",,en,Demo_1_16,Demo_2_8,Demo_3_4
Daphney Stark,468,daphney.stark.468@fakedomain.com,"Feb 25, 1952","Nov 20, 1984",,en,Demo_1_31,Demo_2_1,Demo_3_7
Curt Dach,469,curt.dach.469@fakedomain.com,"Jan 16, 1969","Oct 14, 1970",,en,Demo_1_28,Demo_2_4,Demo_3_8
Betty Mayert,470,betty.mayert.470@fakedomain.com,"May 04, 1927","Apr 16, 1946",,en,Demo_1_50,Demo_2_13,Demo_3_6
Cordia Tromp,471,cordia.tromp.471@fakedomain.com,"Nov 11, 1953","Feb 16, 2011",,en,Demo_1_47,Demo_2_9,Demo_3_8
Lourdes Farrell,472,lourdes.farrell.472@fakedomain.com,"Nov 09, 1980","Oct 10, 2005",,en,Demo_1_4,Demo_2_4,Demo_3_2
Ryan Beatty DDS,473,ryan.beatty.dds.473@fakedomain.com,"Jul 07, 2004","Mar 28, 2013",,en,Demo_1_48,Demo_2_12,Demo_3_8
Wilma Douglas,474,wilma.douglas.474@fakedomain.com,"Jun 23, 1944","Mar 21, 1995",,en,Demo_1_4,Demo_2_4,Demo_3_9
Miss Angelita Hauck,475,miss.angelita.hauck.475@fakedomain.com,"Jan 24, 1965","Aug 06, 2003",,en,Demo_1_20,Demo_2_17,Demo_3_5
Mustafa Wolff PhD,476,mustafa.wolff.phd.476@fakedomain.com,"Feb 12, 2004","Jan 30, 2012",,en,Demo_1_38,Demo_2_5,Demo_3_7
Dr. Alba Barton,477,dr..alba.barton.477@fakedomain.com,"Mar 27, 1953","May 26, 2011",,en,Demo_1_25,Demo_2_14,Demo_3_2
Lillie Bahringer MD,478,lillie.bahringer.md.478@fakedomain.com,"Jun 30, 1953","Nov 03, 2014",,en,Demo_1_11,Demo_2_14,Demo_3_3
Brennan White,479,brennan.white.479@fakedomain.com,"Mar 19, 1950","May 31, 1955",,en,Demo_1_10,Demo_2_12,Demo_3_10
Allene Klein,480,allene.klein.480@fakedomain.com,"Jun 10, 1933","Jul 20, 2009",,en,Demo_1_20,Demo_2_7,Demo_3_8
Miles O'Reilly,481,miles.o'reilly.481@fakedomain.com,"Sep 26, 1934","Aug 12, 1988",,en,Demo_1_21,Demo_2_2,Demo_3_0
Preston Gottlieb,482,preston.gottlieb.482@fakedomain.com,"Dec 08, 1968","Sep 05, 2000",,en,Demo_1_24,Demo_2_11,Demo_3_10
Alf Rutherford,483,alf.rutherford.483@fakedomain.com,"Mar 14, 2002","Mar 01, 2004",,en,Demo_1_16,Demo_2_13,Demo_3_1
Cesar Wolff,484,cesar.wolff.484@fakedomain.com,"Oct 19, 1965","May 10, 2016","Nov 24, 2018",en,Demo_1_2,Demo_2_20,Demo_3_9
Brennon Herman,485,brennon.herman.485@fakedomain.com,"Dec 28, 1957","Jun 05, 2018",,en,Demo_1_21,Demo_2_8,Demo_3_0
Miss Coralie Kreiger,486,miss.coralie.kreiger.486@fakedomain.com,"May 20, 1952","Dec 15, 1998",,en,Demo_1_25,Demo_2_1,Demo_3_10
Bernadine Dietrich MD,487,bernadine.dietrich.md.487@fakedomain.com,"Mar 11, 1973","May 06, 2013",,en,Demo_1_34,Demo_2_18,Demo_3_3
Zetta Hammes,488,zetta.hammes.488@fakedomain.com,"May 19, 1945","Feb 18, 1965",,en,Demo_1_8,Demo_2_16,Demo_3_0
Crawford Osinski,489,crawford.osinski.489@fakedomain.com,"Dec 22, 1938","Apr 29, 1944",,en,Demo_1_1,Demo_2_1,Demo_3_9
Emory Murazik,490,emory.murazik.490@fakedomain.com,"Nov 16, 1968","Mar 22, 2017",,en,Demo_1_26,Demo_2_1,Demo_3_6
Wilton Hermann,491,wilton.hermann.491@fakedomain.com,"Mar 09, 2004","Sep 24, 2010",,en,Demo_1_12,Demo_2_8,Demo_3_5
Cristobal Johns,492,cristobal.johns.492@fakedomain.com,"Sep 21, 1919","Feb 03, 1975",,en,Demo_1_8,Demo_2_11,Demo_3_6
Lexi Hermiston,493,lexi.hermiston.493@fakedomain.com,"Mar 20, 1960","Jul 05, 2013",,en,Demo_1_23,Demo_2_7,Demo_3_3
Dr. Ethyl Hodkiewicz,494,dr..ethyl.hodkiewicz.494@fakedomain.com,"Jun 10, 1952","Jul 15, 1984",,en,Demo_1_46,Demo_2_9,Demo_3_0
Patrick Donnelly DVM,495,patrick.donnelly.dvm.495@fakedomain.com,"Jul 27, 1944","Dec 01, 2008",,en,Demo_1_2,Demo_2_18,Demo_3_8
Sigrid Parisian,496,sigrid.parisian.496@fakedomain.com,"Dec 06, 1968","Aug 30, 2009",,en,Demo_1_6,Demo_2_12,Demo_3_2
Kayleigh Pfannerstill,497,kayleigh.pfannerstill.497@fakedomain.com,"Jul 28, 1974","Apr 28, 1978",,en,Demo_1_46,Demo_2_3,Demo_3_8
Ford Beatty,498,ford.beatty.498@fakedomain.com,"Nov 08, 1939","Jul 05, 2017",,en,Demo_1_50,Demo_2_17,Demo_3_7
Krystel Konopelski,499,krystel.konopelski.499@fakedomain.com,"Feb 13, 1957","May 15, 1966",,en,Demo_1_15,Demo_2_2,Demo_3_7
Rosendo D'Amore,500,rosendo.d'amore.500@fakedomain.com,"Jan 03, 1988","Oct 26, 1998",,en,Demo_1_2,Demo_2_16,Demo_3_8
